{
  "Customers": [
    {
      "id": 1,
      "customerId": "101",
      "customerName": "Rahul",
      "customerEmailId": "rahul@gmail.com",
      "customerPhoneNo": "9890554433"
    },
    {
      "customerId": "112",
      "customerName": "GAURAV SHARAD AHER",
      "customerEmailId": "abc@gmail.com",
      "customerPhoneNo": "9545267139",
      "id": 2
    },
    {
      "customerId": "ICIC2",
      "customerName": "GAURAV SHARAD AHER",
      "customerEmailId": "abcdfsdf@gmail.com",
      "customerPhoneNo": "9545267136",
      "id": 3
    }
  ],
  "Loans": [
    {
      "id": 1,
      "customerId": "101",
      "loanId": "HICIC0101",
      "loanStatus": "Active",
      "loanType": "Home",
      "annualInterestRate": 9,
      "loanSanctionDate": "18/06/2023",
      "loanAmount": 1000000
    },
    {
      "customerId": "101",
      "annualInterestRate": 12,
      "loanAmount": 1234569,
      "loanId": "PICIC03",
      "loanType": "Personal",
      "loanStatus": "Active",
      "loanSanctionDate": "20/10/2023",
      "id": 2
    },
    {
      "customerId": "112",
      "annualInterestRate": 10,
      "loanAmount": 9999,
      "loanId": "BICIC00",
      "loanType": "Bussiness",
      "loanStatus": "Active",
      "loanSanctionDate": "20/10/2023",
      "id": 3
    },
    {
      "customerId": "112",
      "annualInterestRate": 9,
      "loanAmount": 8888,
      "loanId": "HICIC092",
      "loanType": "Home",
      "loanStatus": "Active",
      "loanSanctionDate": "20/10/2023",
      "id": 4
    }
  ],
  "Transactions": [
    {
      "id": 1,
      "loanId": "HICIC0101",
      "refernceId": "Bankcredit",
      "depositDate": "18/06/2023",
      "debitAmt": 1000000,
      "balanceAmt": 1000000
    },
    {
      "depositDate": "20/10/2023",
      "loanId": "PICIC03",
      "credit": 0,
      "debitAmt": 1234569,
      "balanceAmt": 1234569,
      "refernceId": "Bankcredit",
      "id": 2
    },
    {
      "depositDate": "25/10/2023",
      "loanId": "PICIC03",
      "credit": 94555,
      "refernceId": "REF850ICIC",
      "id": 3
    },
    {
      "depositDate": "30/10/2023",
      "loanId": "BICIC00",
      "credit": 0,
      "debitAmt": 9999,
      "balanceAmt": 9999,
      "refernceId": "Bankcredit",
      "id": 4
    },
    {
      "depositDate": "01/08/2023",
      "loanId": "HICIC092",
      "credit": 0,
      "debitAmt": 10000,
      "loanRoi": 9,
      "balanceAmt": 10000,
      "refernceId": "Bankcredit",
      "id": 5
    },
    {
      "depositDate": "10/08/2023",
      "loanId": "HICIC092",
      "loanRoi": 9,
      "credit": 1000,
      "debitAmt": 0,
      "balanceAmt": 9000,
      "refernceId": "REF366ICIC",
      "id": 6
    },
    {
      "depositDate": "20/08/2023",
      "loanId": "HICIC092",
      "loanRoi": 9,
      "credit": 1000,
      "debitAmt": 0,
      "balanceAmt": 8000,
      "refernceId": "REF40ICIC",
      "id": 7
    },
    {
      "depositDate": "30/09/2023",
      "loanId": "HICIC092",
      "loanRoi": 9,
      "credit": 3000,
      "debitAmt": 0,
      "balanceAmt": 5000,
      "refernceId": "REF306ICIC",
      "id": 8
    }
  ]
}